,name,remove punctuation,remove numbers,stemmed,lemmatized,remove stopwords
0,amazon,84.2,84.39999999999999,84.65,83.25,84.0
0,shopmania,78.18911685994647,78.67975022301516,79.1257805530776,69.89295272078502,78.23371989295272
0,custom,79.54545454545455,81.06060606060606,78.03030303030303,77.27272727272727,79.54545454545455
